ID	,	Name	,	ChartGroup	,	VariableName	,	ServerType	,	Value	,	TableName	,	SqlExpression	,	ProductionSqlExpression
1	,	AR Aging Amount Due 1-30 Days	,	AR Aging Amount Due 1	,	ar_aging_amount_due_1-30_days	,	P21	,	0	,	ar_open	,	SELECT SUM(ar_balance) as value FROM dbo.ar_open WITH (NOLOCK) WHERE ar_balance > 0	,	SELECT SUM(ar_balance) as value FROM dbo.ar_open WITH (NOLOCK) WHERE ar_balance > 0
2	,	AR Aging Amount Due 31-60 Days	,	AR Aging Amount Due 31	,	ar_aging_amount_due_31-60_days	,	P21	,	0	,	ar_open	,	SELECT SUM(ar_balance) as value FROM dbo.ar_open WITH (NOLOCK) WHERE ar_balance > 0	,	SELECT SUM(ar_balance) as value FROM dbo.ar_open WITH (NOLOCK) WHERE ar_balance > 0
3	,	AR Aging Amount Due 61-90 Days	,	AR Aging Amount Due 61	,	ar_aging_amount_due_61-90_days	,	P21	,	0	,	ar_open	,	SELECT SUM(ar_balance) as value FROM dbo.ar_open WITH (NOLOCK) WHERE ar_balance > 0	,	SELECT SUM(ar_balance) as value FROM dbo.ar_open WITH (NOLOCK) WHERE ar_balance > 0
4	,	AR Aging Amount Due 90+ Days	,		,	ar_aging_amount_due_90+_days	,	P21	,	0	,	ar_open	,	SELECT SUM(ar_balance) as value FROM dbo.ar_open WITH (NOLOCK) WHERE ar_balance > 0	,	SELECT SUM(ar_balance) as value FROM dbo.ar_open WITH (NOLOCK) WHERE ar_balance > 0
5	,	AR Aging Amount Due Current	,		,	ar_aging_amount_due_current	,	P21	,	0	,	ar_open	,	SELECT SUM(ar_balance) as value FROM dbo.ar_open WITH (NOLOCK) WHERE ar_balance > 0	,	SELECT SUM(ar_balance) as value FROM dbo.ar_open WITH (NOLOCK) WHERE ar_balance > 0
6	,	Accounts Payable Jan	,		,	accounts_payable_jan	,	POR	,	0	,	table	,	SELECT SUM(Payable) FROM table WHERE date = 'Jan'	,	SELECT SUM(Payable) FROM table WHERE date = 'Jan'
7	,	Accounts Payable Feb	,		,	accounts_payable_feb	,	POR	,	0	,	table	,	SELECT SUM(Payable) FROM table WHERE date = 'Feb'	,	SELECT SUM(Payable) FROM table WHERE date = 'Feb'
8	,	Accounts Payable Mar	,		,	accounts_payable_mar	,	POR	,	0	,	table	,	SELECT SUM(Payable) FROM table WHERE date = 'Mar'	,	SELECT SUM(Payable) FROM table WHERE date = 'Mar'
9	,	Accounts Payable Apr	,		,	accounts_payable_apr	,	POR	,	0	,	table	,	SELECT SUM(Payable) FROM table WHERE date = 'Apr'	,	SELECT SUM(Payable) FROM table WHERE date = 'Apr'
10	,	Accounts Payable May	,		,	accounts_payable_may	,	POR	,	0	,	table	,	SELECT SUM(Payable) FROM table WHERE date = 'May'	,	SELECT SUM(Payable) FROM table WHERE date = 'May'
11	,	Accounts Payable Jun	,		,	accounts_payable_jun	,	POR	,	0	,	table	,	SELECT SUM(Payable) FROM table WHERE date = 'Jun'	,	SELECT SUM(Payable) FROM table WHERE date = 'Jun'
12	,	Accounts Payable Jul	,		,	accounts_payable_jul	,	POR	,	0	,	table	,	SELECT SUM(Payable) FROM table WHERE date = 'Jul'	,	SELECT SUM(Payable) FROM table WHERE date = 'Jul'
13	,	Accounts Payable Aug	,		,	accounts_payable_aug	,	POR	,	0	,	table	,	SELECT SUM(Payable) FROM table WHERE date = 'Aug'	,	SELECT SUM(Payable) FROM table WHERE date = 'Aug'
14	,	Accounts Payable Sep	,		,	accounts_payable_sep	,	POR	,	0	,	table	,	SELECT SUM(Payable) FROM table WHERE date = 'Sep'	,	SELECT SUM(Payable) FROM table WHERE date = 'Sep'
15	,	Accounts Payable Oct	,		,	accounts_payable_oct	,	POR	,	0	,	table	,	SELECT SUM(Payable) FROM table WHERE date = 'Oct'	,	SELECT SUM(Payable) FROM table WHERE date = 'Oct'
16	,	Accounts Payable Nov	,		,	accounts_payable_nov	,	POR	,	0	,	table	,	SELECT SUM(Payable) FROM table WHERE date = 'Nov'	,	SELECT SUM(Payable) FROM table WHERE date = 'Nov'
17	,	Accounts Payable Dec	,		,	accounts_payable_dec	,	POR	,	0	,	table	,	SELECT SUM(Payable) FROM table WHERE date = 'Dec'	,	SELECT SUM(Payable) FROM table WHERE date = 'Dec'
18	,	Accounts Receivable Jan	,		,	accounts_receivable_jan	,	POR	,	0	,	table	,	SELECT SUM(Receivable) FROM table WHERE date = 'Jan'	,	SELECT SUM(Receivable) FROM table WHERE date = 'Jan'
19	,	Accounts Receivable Feb	,		,	accounts_receivable_feb	,	POR	,	0	,	table	,	SELECT SUM(Receivable) FROM table WHERE date = 'Feb'	,	SELECT SUM(Receivable) FROM table WHERE date = 'Feb'
20	,	Accounts Receivable Mar	,		,	accounts_receivable_mar	,	POR	,	0	,	table	,	SELECT SUM(Receivable) FROM table WHERE date = 'Mar'	,	SELECT SUM(Receivable) FROM table WHERE date = 'Mar'
21	,	Accounts Receivable Apr	,		,	accounts_receivable_apr	,	POR	,	0	,	table	,	SELECT SUM(Receivable) FROM table WHERE date = 'Apr'	,	SELECT SUM(Receivable) FROM table WHERE date = 'Apr'
22	,	Accounts Receivable May	,		,	accounts_receivable_may	,	POR	,	0	,	table	,	SELECT SUM(Receivable) FROM table WHERE date = 'May'	,	SELECT SUM(Receivable) FROM table WHERE date = 'May'
23	,	Accounts Receivable Jun	,		,	accounts_receivable_jun	,	POR	,	0	,	table	,	SELECT SUM(Receivable) FROM table WHERE date = 'Jun'	,	SELECT SUM(Receivable) FROM table WHERE date = 'Jun'
24	,	Accounts Receivable Jul	,		,	accounts_receivable_jul	,	POR	,	0	,	table	,	SELECT SUM(Receivable) FROM table WHERE date = 'Jul'	,	SELECT SUM(Receivable) FROM table WHERE date = 'Jul'
25	,	Accounts Receivable Aug	,		,	accounts_receivable_aug	,	POR	,	0	,	table	,	SELECT SUM(Receivable) FROM table WHERE date = 'Aug'	,	SELECT SUM(Receivable) FROM table WHERE date = 'Aug'
26	,	Accounts Receivable Sep	,		,	accounts_receivable_sep	,	POR	,	0	,	table	,	SELECT SUM(Receivable) FROM table WHERE date = 'Sep'	,	SELECT SUM(Receivable) FROM table WHERE date = 'Sep'
27	,	Accounts Receivable Oct	,		,	accounts_receivable_oct	,	POR	,	0	,	table	,	SELECT SUM(Receivable) FROM table WHERE date = 'Oct'	,	SELECT SUM(Receivable) FROM table WHERE date = 'Oct'
28	,	Accounts Receivable Nov	,		,	accounts_receivable_nov	,	POR	,	0	,	table	,	SELECT SUM(Receivable) FROM table WHERE date = 'Nov'	,	SELECT SUM(Receivable) FROM table WHERE date = 'Nov'
29	,	Accounts Receivable Dec	,		,	accounts_receivable_dec	,	POR	,	0	,	table	,	SELECT SUM(Receivable) FROM table WHERE date = 'Dec'	,	SELECT SUM(Receivable) FROM table WHERE date = 'Dec'
30	,	Accounts Overdue Jan	,		,	accounts_overdue_jan	,	POR	,	0	,	table	,	SELECT SUM(Overdue) FROM table WHERE date = 'Jan'	,	SELECT SUM(Overdue) FROM table WHERE date = 'Jan'
31	,	Accounts Overdue Feb	,		,	accounts_overdue_feb	,	POR	,	0	,	table	,	SELECT SUM(Overdue) FROM table WHERE date = 'Feb'	,	SELECT SUM(Overdue) FROM table WHERE date = 'Feb'
32	,	Accounts Overdue Mar	,		,	accounts_overdue_mar	,	POR	,	0	,	table	,	SELECT SUM(Overdue) FROM table WHERE date = 'Mar'	,	SELECT SUM(Overdue) FROM table WHERE date = 'Mar'
33	,	Accounts Overdue Apr	,		,	accounts_overdue_apr	,	POR	,	0	,	table	,	SELECT SUM(Overdue) FROM table WHERE date = 'Apr'	,	SELECT SUM(Overdue) FROM table WHERE date = 'Apr'
34	,	Accounts Overdue May	,		,	accounts_overdue_may	,	POR	,	0	,	table	,	SELECT SUM(Overdue) FROM table WHERE date = 'May'	,	SELECT SUM(Overdue) FROM table WHERE date = 'May'
35	,	Accounts Overdue Jun	,		,	accounts_overdue_jun	,	POR	,	0	,	table	,	SELECT SUM(Overdue) FROM table WHERE date = 'Jun'	,	SELECT SUM(Overdue) FROM table WHERE date = 'Jun'
36	,	Accounts Overdue Jul	,		,	accounts_overdue_jul	,	POR	,	0	,	table	,	SELECT SUM(Overdue) FROM table WHERE date = 'Jul'	,	SELECT SUM(Overdue) FROM table WHERE date = 'Jul'
37	,	Accounts Overdue Aug	,		,	accounts_overdue_aug	,	POR	,	0	,	table	,	SELECT SUM(Overdue) FROM table WHERE date = 'Aug'	,	SELECT SUM(Overdue) FROM table WHERE date = 'Aug'
38	,	Accounts Overdue Sep	,		,	accounts_overdue_sep	,	POR	,	0	,	table	,	SELECT SUM(Overdue) FROM table WHERE date = 'Sep'	,	SELECT SUM(Overdue) FROM table WHERE date = 'Sep'
39	,	Accounts Overdue Oct	,		,	accounts_overdue_oct	,	POR	,	0	,	table	,	SELECT SUM(Overdue) FROM table WHERE date = 'Oct'	,	SELECT SUM(Overdue) FROM table WHERE date = 'Oct'
40	,	Accounts Overdue Nov	,		,	accounts_overdue_nov	,	POR	,	0	,	table	,	SELECT SUM(Overdue) FROM table WHERE date = 'Nov'	,	SELECT SUM(Overdue) FROM table WHERE date = 'Nov'
41	,	Accounts Overdue Dec	,		,	accounts_overdue_dec	,	POR	,	0	,	table	,	SELECT SUM(Overdue) FROM table WHERE date = 'Dec'	,	SELECT SUM(Overdue) FROM table WHERE date = 'Dec'
42	,	Customer Metrics New Jan	,		,	customer_metrics_new_jan	,	POR	,	0	,	table	,	SELECT SUM(New) FROM table WHERE date = 'Jan'	,	SELECT SUM(New) FROM table WHERE date = 'Jan'
43	,	Customer Metrics New Feb	,		,	customer_metrics_new_feb	,	POR	,	0	,	table	,	SELECT SUM(New) FROM table WHERE date = 'Feb'	,	SELECT SUM(New) FROM table WHERE date = 'Feb'
44	,	Customer Metrics New Mar	,		,	customer_metrics_new_mar	,	POR	,	0	,	table	,	SELECT SUM(New) FROM table WHERE date = 'Mar'	,	SELECT SUM(New) FROM table WHERE date = 'Mar'
45	,	Customer Metrics New Apr	,		,	customer_metrics_new_apr	,	POR	,	0	,	table	,	SELECT SUM(New) FROM table WHERE date = 'Apr'	,	SELECT SUM(New) FROM table WHERE date = 'Apr'
46	,	Customer Metrics New May	,		,	customer_metrics_new_may	,	POR	,	0	,	table	,	SELECT SUM(New) FROM table WHERE date = 'May'	,	SELECT SUM(New) FROM table WHERE date = 'May'
47	,	Customer Metrics New Jun	,		,	customer_metrics_new_jun	,	POR	,	0	,	table	,	SELECT SUM(New) FROM table WHERE date = 'Jun'	,	SELECT SUM(New) FROM table WHERE date = 'Jun'
48	,	Customer Metrics New Jul	,		,	customer_metrics_new_jul	,	POR	,	0	,	table	,	SELECT SUM(New) FROM table WHERE date = 'Jul'	,	SELECT SUM(New) FROM table WHERE date = 'Jul'
49	,	Customer Metrics New Aug	,		,	customer_metrics_new_aug	,	POR	,	0	,	table	,	SELECT SUM(New) FROM table WHERE date = 'Aug'	,	SELECT SUM(New) FROM table WHERE date = 'Aug'
50	,	Customer Metrics New Sep	,		,	customer_metrics_new_sep	,	POR	,	0	,	table	,	SELECT SUM(New) FROM table WHERE date = 'Sep'	,	SELECT SUM(New) FROM table WHERE date = 'Sep'
51	,	Customer Metrics New Oct	,		,	customer_metrics_new_oct	,	POR	,	0	,	table	,	SELECT SUM(New) FROM table WHERE date = 'Oct'	,	SELECT SUM(New) FROM table WHERE date = 'Oct'
52	,	Customer Metrics New Nov	,		,	customer_metrics_new_nov	,	POR	,	0	,	table	,	SELECT SUM(New) FROM table WHERE date = 'Nov'	,	SELECT SUM(New) FROM table WHERE date = 'Nov'
53	,	Customer Metrics New Dec	,		,	customer_metrics_new_dec	,	POR	,	0	,	table	,	SELECT SUM(New) FROM table WHERE date = 'Dec'	,	SELECT SUM(New) FROM table WHERE date = 'Dec'
54	,	Customer Metrics Prospects Jan	,		,	customer_metrics_prospects_jan	,	POR	,	0	,	table	,	SELECT SUM(Prospects) FROM table WHERE date = 'Jan'	,	SELECT SUM(Prospects) FROM table WHERE date = 'Jan'
55	,	Customer Metrics Prospects Feb	,		,	customer_metrics_prospects_feb	,	POR	,	0	,	table	,	SELECT SUM(Prospects) FROM table WHERE date = 'Feb'	,	SELECT SUM(Prospects) FROM table WHERE date = 'Feb'
56	,	Customer Metrics Prospects Mar	,		,	customer_metrics_prospects_mar	,	POR	,	0	,	table	,	SELECT SUM(Prospects) FROM table WHERE date = 'Mar'	,	SELECT SUM(Prospects) FROM table WHERE date = 'Mar'
57	,	Customer Metrics Prospects Apr	,		,	customer_metrics_prospects_apr	,	POR	,	0	,	table	,	SELECT SUM(Prospects) FROM table WHERE date = 'Apr'	,	SELECT SUM(Prospects) FROM table WHERE date = 'Apr'
58	,	Customer Metrics Prospects May	,		,	customer_metrics_prospects_may	,	POR	,	0	,	table	,	SELECT SUM(Prospects) FROM table WHERE date = 'May'	,	SELECT SUM(Prospects) FROM table WHERE date = 'May'
59	,	Customer Metrics Prospects Jun	,		,	customer_metrics_prospects_jun	,	POR	,	0	,	table	,	SELECT SUM(Prospects) FROM table WHERE date = 'Jun'	,	SELECT SUM(Prospects) FROM table WHERE date = 'Jun'
60	,	Customer Metrics Prospects Jul	,		,	customer_metrics_prospects_jul	,	POR	,	0	,	table	,	SELECT SUM(Prospects) FROM table WHERE date = 'Jul'	,	SELECT SUM(Prospects) FROM table WHERE date = 'Jul'
61	,	Customer Metrics Prospects Aug	,		,	customer_metrics_prospects_aug	,	POR	,	0	,	table	,	SELECT SUM(Prospects) FROM table WHERE date = 'Aug'	,	SELECT SUM(Prospects) FROM table WHERE date = 'Aug'
62	,	Customer Metrics Prospects Sep	,		,	customer_metrics_prospects_sep	,	POR	,	0	,	table	,	SELECT SUM(Prospects) FROM table WHERE date = 'Sep'	,	SELECT SUM(Prospects) FROM table WHERE date = 'Sep'
63	,	Customer Metrics Prospects Oct	,		,	customer_metrics_prospects_oct	,	POR	,	0	,	table	,	SELECT SUM(Prospects) FROM table WHERE date = 'Oct'	,	SELECT SUM(Prospects) FROM table WHERE date = 'Oct'
64	,	Customer Metrics Prospects Nov	,		,	customer_metrics_prospects_nov	,	POR	,	0	,	table	,	SELECT SUM(Prospects) FROM table WHERE date = 'Nov'	,	SELECT SUM(Prospects) FROM table WHERE date = 'Nov'
65	,	Customer Metrics Prospects Dec	,		,	customer_metrics_prospects_dec	,	POR	,	0	,	table	,	SELECT SUM(Prospects) FROM table WHERE date = 'Dec'	,	SELECT SUM(Prospects) FROM table WHERE date = 'Dec'
66	,	Daily Orders Orders Today	,		,	daily_orders_orders_today	,	P21	,	0	,	oe_hdr	,	SELECT COUNT(*) as value FROM dbo.oe_hdr WITH (NOLOCK) WHERE order_date >= DATEADD(day, -30, GETDATE())	,	SELECT COUNT(*) as value FROM dbo.oe_hdr WITH (NOLOCK) WHERE order_date >= DATEADD(day, -30, GETDATE())
67	,	Daily Orders Orders Today-1	,	Daily Orders Orders Today	,	daily_orders_orders_today-1	,	P21	,	0	,	oe_hdr	,	SELECT COUNT(*) as value FROM dbo.oe_hdr WITH (NOLOCK) WHERE order_date >= DATEADD(day, -30, GETDATE())	,	SELECT COUNT(*) as value FROM dbo.oe_hdr WITH (NOLOCK) WHERE order_date >= DATEADD(day, -30, GETDATE())
68	,	Daily Orders Orders Today-2	,	Daily Orders Orders Today	,	daily_orders_orders_today-2	,	P21	,	0	,	oe_hdr	,	SELECT COUNT(*) as value FROM dbo.oe_hdr WITH (NOLOCK) WHERE order_date >= DATEADD(day, -30, GETDATE())	,	SELECT COUNT(*) as value FROM dbo.oe_hdr WITH (NOLOCK) WHERE order_date >= DATEADD(day, -30, GETDATE())
69	,	Daily Orders Orders Today-3	,	Daily Orders Orders Today	,	daily_orders_orders_today-3	,	P21	,	0	,	oe_hdr	,	SELECT COUNT(*) as value FROM dbo.oe_hdr WITH (NOLOCK) WHERE order_date >= DATEADD(day, -30, GETDATE())	,	SELECT COUNT(*) as value FROM dbo.oe_hdr WITH (NOLOCK) WHERE order_date >= DATEADD(day, -30, GETDATE())
70	,	Daily Orders Orders Today-4	,	Daily Orders Orders Today	,	daily_orders_orders_today-4	,	P21	,	0	,	oe_hdr	,	SELECT COUNT(*) as value FROM dbo.oe_hdr WITH (NOLOCK) WHERE order_date >= DATEADD(day, -30, GETDATE())	,	SELECT COUNT(*) as value FROM dbo.oe_hdr WITH (NOLOCK) WHERE order_date >= DATEADD(day, -30, GETDATE())
71	,	Daily Orders Orders Today-5	,	Daily Orders Orders Today	,	daily_orders_orders_today-5	,	P21	,	0	,	oe_hdr	,	SELECT COUNT(*) as value FROM dbo.oe_hdr WITH (NOLOCK) WHERE order_date >= DATEADD(day, -30, GETDATE())	,	SELECT COUNT(*) as value FROM dbo.oe_hdr WITH (NOLOCK) WHERE order_date >= DATEADD(day, -30, GETDATE())
72	,	Daily Orders Orders Today-6	,	Daily Orders Orders Today	,	daily_orders_orders_today-6	,	P21	,	0	,	oe_hdr	,	SELECT COUNT(*) as value FROM dbo.oe_hdr WITH (NOLOCK) WHERE order_date >= DATEADD(day, -30, GETDATE())	,	SELECT COUNT(*) as value FROM dbo.oe_hdr WITH (NOLOCK) WHERE order_date >= DATEADD(day, -30, GETDATE())
73	,	Historical Data P21 Jan	,		,	historical_data_p21_jan	,	P21	,	0	,	oe_hdr	,	SELECT COUNT(*) as value FROM dbo.oe_hdr WITH (NOLOCK)	,	SELECT COUNT(*) as value FROM dbo.oe_hdr WITH (NOLOCK)
74	,	Historical Data P21 Feb	,		,	historical_data_p21_feb	,	P21	,	0	,	oe_hdr	,	SELECT COUNT(*) as value FROM dbo.oe_hdr WITH (NOLOCK)	,	SELECT COUNT(*) as value FROM dbo.oe_hdr WITH (NOLOCK)
75	,	Historical Data P21 Mar	,		,	historical_data_p21_mar	,	P21	,	0	,	oe_hdr	,	SELECT COUNT(*) as value FROM dbo.oe_hdr WITH (NOLOCK)	,	SELECT COUNT(*) as value FROM dbo.oe_hdr WITH (NOLOCK)
76	,	Historical Data P21 Apr	,		,	historical_data_p21_apr	,	P21	,	0	,	oe_hdr	,	SELECT COUNT(*) as value FROM dbo.oe_hdr WITH (NOLOCK)	,	SELECT COUNT(*) as value FROM dbo.oe_hdr WITH (NOLOCK)
77	,	Historical Data P21 May	,		,	historical_data_p21_may	,	P21	,	0	,	oe_hdr	,	SELECT COUNT(*) as value FROM dbo.oe_hdr WITH (NOLOCK)	,	SELECT COUNT(*) as value FROM dbo.oe_hdr WITH (NOLOCK)
78	,	Historical Data P21 Jun	,		,	historical_data_p21_jun	,	P21	,	0	,	oe_hdr	,	SELECT COUNT(*) as value FROM dbo.oe_hdr WITH (NOLOCK)	,	SELECT COUNT(*) as value FROM dbo.oe_hdr WITH (NOLOCK)
79	,	Historical Data P21 Jul	,		,	historical_data_p21_jul	,	P21	,	0	,	oe_hdr	,	SELECT COUNT(*) as value FROM dbo.oe_hdr WITH (NOLOCK)	,	SELECT COUNT(*) as value FROM dbo.oe_hdr WITH (NOLOCK)
80	,	Historical Data P21 Aug	,		,	historical_data_p21_aug	,	P21	,	0	,	oe_hdr	,	SELECT COUNT(*) as value FROM dbo.oe_hdr WITH (NOLOCK)	,	SELECT COUNT(*) as value FROM dbo.oe_hdr WITH (NOLOCK)
81	,	Historical Data P21 Sep	,		,	historical_data_p21_sep	,	P21	,	0	,	oe_hdr	,	SELECT COUNT(*) as value FROM dbo.oe_hdr WITH (NOLOCK)	,	SELECT COUNT(*) as value FROM dbo.oe_hdr WITH (NOLOCK)
82	,	Historical Data P21 Oct	,		,	historical_data_p21_oct	,	P21	,	0	,	oe_hdr	,	SELECT COUNT(*) as value FROM dbo.oe_hdr WITH (NOLOCK)	,	SELECT COUNT(*) as value FROM dbo.oe_hdr WITH (NOLOCK)
83	,	Historical Data P21 Nov	,		,	historical_data_p21_nov	,	P21	,	0	,	oe_hdr	,	SELECT COUNT(*) as value FROM dbo.oe_hdr WITH (NOLOCK)	,	SELECT COUNT(*) as value FROM dbo.oe_hdr WITH (NOLOCK)
84	,	Historical Data P21 Dec	,		,	historical_data_p21_dec	,	P21	,	0	,	oe_hdr	,	SELECT COUNT(*) as value FROM dbo.oe_hdr WITH (NOLOCK)	,	SELECT COUNT(*) as value FROM dbo.oe_hdr WITH (NOLOCK)
85	,	Historical Data POR Jan	,		,	historical_data_por_jan	,	P21	,	0	,	oe_hdr	,	SELECT COUNT(*) as value FROM dbo.oe_hdr WITH (NOLOCK)	,	SELECT COUNT(*) as value FROM dbo.oe_hdr WITH (NOLOCK)
86	,	Historical Data POR Feb	,		,	historical_data_por_feb	,	P21	,	0	,	oe_hdr	,	SELECT COUNT(*) as value FROM dbo.oe_hdr WITH (NOLOCK)	,	SELECT COUNT(*) as value FROM dbo.oe_hdr WITH (NOLOCK)
87	,	Historical Data POR Mar	,		,	historical_data_por_mar	,	P21	,	0	,	oe_hdr	,	SELECT COUNT(*) as value FROM dbo.oe_hdr WITH (NOLOCK)	,	SELECT COUNT(*) as value FROM dbo.oe_hdr WITH (NOLOCK)
88	,	Historical Data POR Apr	,		,	historical_data_por_apr	,	P21	,	0	,	oe_hdr	,	SELECT COUNT(*) as value FROM dbo.oe_hdr WITH (NOLOCK)	,	SELECT COUNT(*) as value FROM dbo.oe_hdr WITH (NOLOCK)
89	,	Historical Data POR May	,		,	historical_data_por_may	,	P21	,	0	,	oe_hdr	,	SELECT COUNT(*) as value FROM dbo.oe_hdr WITH (NOLOCK)	,	SELECT COUNT(*) as value FROM dbo.oe_hdr WITH (NOLOCK)
90	,	Historical Data POR Jun	,		,	historical_data_por_jun	,	P21	,	0	,	oe_hdr	,	SELECT COUNT(*) as value FROM dbo.oe_hdr WITH (NOLOCK)	,	SELECT COUNT(*) as value FROM dbo.oe_hdr WITH (NOLOCK)
91	,	Historical Data POR Jul	,		,	historical_data_por_jul	,	P21	,	0	,	oe_hdr	,	SELECT COUNT(*) as value FROM dbo.oe_hdr WITH (NOLOCK)	,	SELECT COUNT(*) as value FROM dbo.oe_hdr WITH (NOLOCK)
92	,	Historical Data POR Aug	,		,	historical_data_por_aug	,	P21	,	0	,	oe_hdr	,	SELECT COUNT(*) as value FROM dbo.oe_hdr WITH (NOLOCK)	,	SELECT COUNT(*) as value FROM dbo.oe_hdr WITH (NOLOCK)
93	,	Historical Data POR Sep	,		,	historical_data_por_sep	,	P21	,	0	,	oe_hdr	,	SELECT COUNT(*) as value FROM dbo.oe_hdr WITH (NOLOCK)	,	SELECT COUNT(*) as value FROM dbo.oe_hdr WITH (NOLOCK)
94	,	Historical Data POR Oct	,		,	historical_data_por_oct	,	P21	,	0	,	oe_hdr	,	SELECT COUNT(*) as value FROM dbo.oe_hdr WITH (NOLOCK)	,	SELECT COUNT(*) as value FROM dbo.oe_hdr WITH (NOLOCK)
95	,	Historical Data POR Nov	,		,	historical_data_por_nov	,	P21	,	0	,	oe_hdr	,	SELECT COUNT(*) as value FROM dbo.oe_hdr WITH (NOLOCK)	,	SELECT COUNT(*) as value FROM dbo.oe_hdr WITH (NOLOCK)
96	,	Historical Data POR Dec	,		,	historical_data_por_dec	,	P21	,	0	,	oe_hdr	,	SELECT COUNT(*) as value FROM dbo.oe_hdr WITH (NOLOCK)	,	SELECT COUNT(*) as value FROM dbo.oe_hdr WITH (NOLOCK)
97	,	Historical Data Total Jan	,		,	historical_data_total_jan	,	P21	,	0	,	oe_hdr	,	SELECT COUNT(*) as value FROM dbo.oe_hdr WITH (NOLOCK)	,	SELECT COUNT(*) as value FROM dbo.oe_hdr WITH (NOLOCK)
98	,	Historical Data Total Feb	,		,	historical_data_total_feb	,	P21	,	0	,	oe_hdr	,	SELECT COUNT(*) as value FROM dbo.oe_hdr WITH (NOLOCK)	,	SELECT COUNT(*) as value FROM dbo.oe_hdr WITH (NOLOCK)
99	,	Historical Data Total Mar	,		,	historical_data_total_mar	,	P21	,	0	,	oe_hdr	,	SELECT COUNT(*) as value FROM dbo.oe_hdr WITH (NOLOCK)	,	SELECT COUNT(*) as value FROM dbo.oe_hdr WITH (NOLOCK)
100	,	Historical Data Total Apr	,		,	historical_data_total_apr	,	P21	,	0	,	oe_hdr	,	SELECT COUNT(*) as value FROM dbo.oe_hdr WITH (NOLOCK)	,	SELECT COUNT(*) as value FROM dbo.oe_hdr WITH (NOLOCK)
101	,	Historical Data Total May	,		,	historical_data_total_may	,	P21	,	0	,	oe_hdr	,	SELECT COUNT(*) as value FROM dbo.oe_hdr WITH (NOLOCK)	,	SELECT COUNT(*) as value FROM dbo.oe_hdr WITH (NOLOCK)
102	,	Historical Data Total Jun	,		,	historical_data_total_jun	,	P21	,	0	,	oe_hdr	,	SELECT COUNT(*) as value FROM dbo.oe_hdr WITH (NOLOCK)	,	SELECT COUNT(*) as value FROM dbo.oe_hdr WITH (NOLOCK)
103	,	Historical Data Total Jul	,		,	historical_data_total_jul	,	P21	,	0	,	oe_hdr	,	SELECT COUNT(*) as value FROM dbo.oe_hdr WITH (NOLOCK)	,	SELECT COUNT(*) as value FROM dbo.oe_hdr WITH (NOLOCK)
104	,	Historical Data Total Aug	,		,	historical_data_total_aug	,	P21	,	0	,	oe_hdr	,	SELECT COUNT(*) as value FROM dbo.oe_hdr WITH (NOLOCK)	,	SELECT COUNT(*) as value FROM dbo.oe_hdr WITH (NOLOCK)
105	,	Historical Data Total Sep	,		,	historical_data_total_sep	,	P21	,	0	,	oe_hdr	,	SELECT COUNT(*) as value FROM dbo.oe_hdr WITH (NOLOCK)	,	SELECT COUNT(*) as value FROM dbo.oe_hdr WITH (NOLOCK)
106	,	Historical Data Total Oct	,		,	historical_data_total_oct	,	P21	,	0	,	oe_hdr	,	SELECT COUNT(*) as value FROM dbo.oe_hdr WITH (NOLOCK)	,	SELECT COUNT(*) as value FROM dbo.oe_hdr WITH (NOLOCK)
107	,	Historical Data Total Nov	,		,	historical_data_total_nov	,	P21	,	0	,	oe_hdr	,	SELECT COUNT(*) as value FROM dbo.oe_hdr WITH (NOLOCK)	,	SELECT COUNT(*) as value FROM dbo.oe_hdr WITH (NOLOCK)
108	,	Historical Data Total Dec	,		,	historical_data_total_dec	,	P21	,	0	,	oe_hdr	,	SELECT COUNT(*) as value FROM dbo.oe_hdr WITH (NOLOCK)	,	SELECT COUNT(*) as value FROM dbo.oe_hdr WITH (NOLOCK)
109	,	Inventory In Stock Dept 100	,		,	inventory_in_stock_dept_100	,	POR	,	0	,	table	,	SELECT SUM(In Stock) FROM table WHERE date = 'Dept 100'	,	SELECT SUM(In Stock) FROM table WHERE date = 'Dept 100'
110	,	Inventory In Stock Dept 101	,		,	inventory_in_stock_dept_101	,	POR	,	0	,	table	,	SELECT SUM(In Stock) FROM table WHERE date = 'Dept 101'	,	SELECT SUM(In Stock) FROM table WHERE date = 'Dept 101'
111	,	Inventory In Stock Dept 102	,		,	inventory_in_stock_dept_102	,	POR	,	0	,	table	,	SELECT SUM(In Stock) FROM table WHERE date = 'Dept 102'	,	SELECT SUM(In Stock) FROM table WHERE date = 'Dept 102'
112	,	Inventory In Stock Dept 207	,		,	inventory_in_stock_dept_207	,	POR	,	0	,	table	,	SELECT SUM(In Stock) FROM table WHERE date = 'Dept 207'	,	SELECT SUM(In Stock) FROM table WHERE date = 'Dept 207'
113	,	Inventory On Order Dept 100	,		,	inventory_on_order_dept_100	,	POR	,	0	,	table	,	SELECT SUM(On Order) FROM table WHERE date = 'Dept 100'	,	SELECT SUM(On Order) FROM table WHERE date = 'Dept 100'
114	,	Inventory On Order Dept 101	,		,	inventory_on_order_dept_101	,	POR	,	0	,	table	,	SELECT SUM(On Order) FROM table WHERE date = 'Dept 101'	,	SELECT SUM(On Order) FROM table WHERE date = 'Dept 101'
115	,	Inventory On Order Dept 102	,		,	inventory_on_order_dept_102	,	POR	,	0	,	table	,	SELECT SUM(On Order) FROM table WHERE date = 'Dept 102'	,	SELECT SUM(On Order) FROM table WHERE date = 'Dept 102'
116	,	Inventory On Order Dept 207	,		,	inventory_on_order_dept_207	,	POR	,	0	,	table	,	SELECT SUM(On Order) FROM table WHERE date = 'Dept 207'	,	SELECT SUM(On Order) FROM table WHERE date = 'Dept 207'
117	,	Key Metrics Total Orders Overview	,		,	key_metrics_total_orders_overview	,	P21	,	0	,	oe_hdr	,	SELECT COUNT(*) as value FROM dbo.oe_hdr WITH (NOLOCK) WHERE order_date >= DATEADD(day, -30, GETDATE())	,	SELECT COUNT(*) as value FROM dbo.oe_hdr WITH (NOLOCK) WHERE order_date >= DATEADD(day, -30, GETDATE())
118	,	Key Metrics Open Orders (/day) Overview	,		,	key_metrics_open_orders_(/day)_overview	,	P21	,	0	,	oe_hdr	,	SELECT COUNT(*) as value FROM dbo.oe_hdr WITH (NOLOCK) WHERE order_date >= DATEADD(day, -30, GETDATE())	,	SELECT COUNT(*) as value FROM dbo.oe_hdr WITH (NOLOCK) WHERE order_date >= DATEADD(day, -30, GETDATE())
119	,	Key Metrics All Open Orders Overview	,		,	key_metrics_all_open_orders_overview	,	P21	,	0	,	oe_hdr	,	SELECT COUNT(*) as value FROM dbo.oe_hdr WITH (NOLOCK) WHERE order_date >= DATEADD(day, -30, GETDATE())	,	SELECT COUNT(*) as value FROM dbo.oe_hdr WITH (NOLOCK) WHERE order_date >= DATEADD(day, -30, GETDATE())
120	,	Key Metrics Daily Revenue Overview	,		,	key_metrics_daily_revenue_overview	,	P21	,	0	,	oe_hdr	,	SELECT COUNT(*) as value FROM dbo.oe_hdr WITH (NOLOCK)	,	SELECT COUNT(*) as value FROM dbo.oe_hdr WITH (NOLOCK)
121	,	Key Metrics Open Invoices Overview	,		,	key_metrics_open_invoices_overview	,	P21	,	0	,	oe_hdr	,	SELECT COUNT(*) as value FROM dbo.oe_hdr WITH (NOLOCK)	,	SELECT COUNT(*) as value FROM dbo.oe_hdr WITH (NOLOCK)
122	,	Key Metrics OrdersBackloged Overview	,		,	key_metrics_ordersbackloged_overview	,	P21	,	0	,	oe_hdr	,	SELECT COUNT(*) as value FROM dbo.oe_hdr WITH (NOLOCK) WHERE order_date >= DATEADD(day, -30, GETDATE())	,	SELECT COUNT(*) as value FROM dbo.oe_hdr WITH (NOLOCK) WHERE order_date >= DATEADD(day, -30, GETDATE())
123	,	Key Metrics Total Sales Monthly Overview	,		,	key_metrics_total_sales_monthly_overview	,	P21	,	0	,	oe_line	,	SELECT SUM(ext_price) as value FROM dbo.oe_line WITH (NOLOCK) WHERE create_date >= DATEADD(day, -30, GETDATE())	,	SELECT SUM(ext_price) as value FROM dbo.oe_line WITH (NOLOCK) WHERE create_date >= DATEADD(day, -30, GETDATE())
124	,	Site Distribution Value Columbus	,		,	site_distribution_value_columbus	,	P21	,	0	,	oe_hdr	,	SELECT COUNT(*) as value FROM dbo.oe_hdr WITH (NOLOCK)	,	SELECT COUNT(*) as value FROM dbo.oe_hdr WITH (NOLOCK)
125	,	Site Distribution Value Addison	,		,	site_distribution_value_addison	,	P21	,	0	,	oe_hdr	,	SELECT COUNT(*) as value FROM dbo.oe_hdr WITH (NOLOCK)	,	SELECT COUNT(*) as value FROM dbo.oe_hdr WITH (NOLOCK)
126	,	Site Distribution Value Lake City	,		,	site_distribution_value_lake_city	,	P21	,	0	,	oe_hdr	,	SELECT COUNT(*) as value FROM dbo.oe_hdr WITH (NOLOCK)	,	SELECT COUNT(*) as value FROM dbo.oe_hdr WITH (NOLOCK)
127	,	POR Overview New Rentals Jan	,		,	por_overview_new_rentals_jan	,	POR	,	0	,	table	,	SELECT SUM(New Rentals) FROM table WHERE date = 'Jan'	,	SELECT SUM(New Rentals) FROM table WHERE date = 'Jan'
128	,	POR Overview New Rentals Feb	,		,	por_overview_new_rentals_feb	,	POR	,	0	,	table	,	SELECT SUM(New Rentals) FROM table WHERE date = 'Feb'	,	SELECT SUM(New Rentals) FROM table WHERE date = 'Feb'
129	,	POR Overview New Rentals Mar	,		,	por_overview_new_rentals_mar	,	POR	,	0	,	table	,	SELECT SUM(New Rentals) FROM table WHERE date = 'Mar'	,	SELECT SUM(New Rentals) FROM table WHERE date = 'Mar'
130	,	POR Overview New Rentals Apr	,		,	por_overview_new_rentals_apr	,	POR	,	0	,	table	,	SELECT SUM(New Rentals) FROM table WHERE date = 'Apr'	,	SELECT SUM(New Rentals) FROM table WHERE date = 'Apr'
131	,	POR Overview New Rentals May	,		,	por_overview_new_rentals_may	,	POR	,	0	,	table	,	SELECT SUM(New Rentals) FROM table WHERE date = 'May'	,	SELECT SUM(New Rentals) FROM table WHERE date = 'May'
132	,	POR Overview New Rentals Jun	,		,	por_overview_new_rentals_jun	,	POR	,	0	,	table	,	SELECT SUM(New Rentals) FROM table WHERE date = 'Jun'	,	SELECT SUM(New Rentals) FROM table WHERE date = 'Jun'
133	,	POR Overview New Rentals Jul	,		,	por_overview_new_rentals_jul	,	POR	,	0	,	table	,	SELECT SUM(New Rentals) FROM table WHERE date = 'Jul'	,	SELECT SUM(New Rentals) FROM table WHERE date = 'Jul'
134	,	POR Overview New Rentals Aug	,		,	por_overview_new_rentals_aug	,	POR	,	0	,	table	,	SELECT SUM(New Rentals) FROM table WHERE date = 'Aug'	,	SELECT SUM(New Rentals) FROM table WHERE date = 'Aug'
135	,	POR Overview New Rentals Sep	,		,	por_overview_new_rentals_sep	,	POR	,	0	,	table	,	SELECT SUM(New Rentals) FROM table WHERE date = 'Sep'	,	SELECT SUM(New Rentals) FROM table WHERE date = 'Sep'
136	,	POR Overview New Rentals Oct	,		,	por_overview_new_rentals_oct	,	POR	,	0	,	table	,	SELECT SUM(New Rentals) FROM table WHERE date = 'Oct'	,	SELECT SUM(New Rentals) FROM table WHERE date = 'Oct'
137	,	POR Overview New Rentals Nov	,		,	por_overview_new_rentals_nov	,	POR	,	0	,	table	,	SELECT SUM(New Rentals) FROM table WHERE date = 'Nov'	,	SELECT SUM(New Rentals) FROM table WHERE date = 'Nov'
138	,	POR Overview New Rentals Dec	,		,	por_overview_new_rentals_dec	,	POR	,	0	,	table	,	SELECT SUM(New Rentals) FROM table WHERE date = 'Dec'	,	SELECT SUM(New Rentals) FROM table WHERE date = 'Dec'
139	,	POR Overview Open Rentals Jan	,		,	por_overview_open_rentals_jan	,	POR	,	0	,	table	,	SELECT SUM(Open Rentals) FROM table WHERE date = 'Jan'	,	SELECT SUM(Open Rentals) FROM table WHERE date = 'Jan'
140	,	POR Overview Open Rentals Feb	,		,	por_overview_open_rentals_feb	,	POR	,	0	,	table	,	SELECT SUM(Open Rentals) FROM table WHERE date = 'Feb'	,	SELECT SUM(Open Rentals) FROM table WHERE date = 'Feb'
141	,	POR Overview Open Rentals Mar	,		,	por_overview_open_rentals_mar	,	POR	,	0	,	table	,	SELECT SUM(Open Rentals) FROM table WHERE date = 'Mar'	,	SELECT SUM(Open Rentals) FROM table WHERE date = 'Mar'
142	,	POR Overview Open Rentals Apr	,		,	por_overview_open_rentals_apr	,	POR	,	0	,	table	,	SELECT SUM(Open Rentals) FROM table WHERE date = 'Apr'	,	SELECT SUM(Open Rentals) FROM table WHERE date = 'Apr'
143	,	POR Overview Open Rentals May	,		,	por_overview_open_rentals_may	,	POR	,	0	,	table	,	SELECT SUM(Open Rentals) FROM table WHERE date = 'May'	,	SELECT SUM(Open Rentals) FROM table WHERE date = 'May'
144	,	POR Overview Open Rentals Jun	,		,	por_overview_open_rentals_jun	,	POR	,	0	,	table	,	SELECT SUM(Open Rentals) FROM table WHERE date = 'Jun'	,	SELECT SUM(Open Rentals) FROM table WHERE date = 'Jun'
145	,	POR Overview Open Rentals Jul	,		,	por_overview_open_rentals_jul	,	POR	,	0	,	table	,	SELECT SUM(Open Rentals) FROM table WHERE date = 'Jul'	,	SELECT SUM(Open Rentals) FROM table WHERE date = 'Jul'
146	,	POR Overview Open Rentals Aug	,		,	por_overview_open_rentals_aug	,	POR	,	0	,	table	,	SELECT SUM(Open Rentals) FROM table WHERE date = 'Aug'	,	SELECT SUM(Open Rentals) FROM table WHERE date = 'Aug'
147	,	POR Overview Open Rentals Sep	,		,	por_overview_open_rentals_sep	,	POR	,	0	,	table	,	SELECT SUM(Open Rentals) FROM table WHERE date = 'Sep'	,	SELECT SUM(Open Rentals) FROM table WHERE date = 'Sep'
148	,	POR Overview Open Rentals Oct	,		,	por_overview_open_rentals_oct	,	POR	,	0	,	table	,	SELECT SUM(Open Rentals) FROM table WHERE date = 'Oct'	,	SELECT SUM(Open Rentals) FROM table WHERE date = 'Oct'
149	,	POR Overview Open Rentals Nov	,		,	por_overview_open_rentals_nov	,	POR	,	0	,	table	,	SELECT SUM(Open Rentals) FROM table WHERE date = 'Nov'	,	SELECT SUM(Open Rentals) FROM table WHERE date = 'Nov'
150	,	POR Overview Open Rentals Dec	,		,	por_overview_open_rentals_dec	,	POR	,	0	,	table	,	SELECT SUM(Open Rentals) FROM table WHERE date = 'Dec'	,	SELECT SUM(Open Rentals) FROM table WHERE date = 'Dec'
151	,	POR Overview Rental Value Jan	,		,	por_overview_rental_value_jan	,	POR	,	0	,	table	,	SELECT SUM(Rental Value) FROM table WHERE date = 'Jan'	,	SELECT SUM(Rental Value) FROM table WHERE date = 'Jan'
152	,	POR Overview Rental Value Feb	,		,	por_overview_rental_value_feb	,	POR	,	0	,	table	,	SELECT SUM(Rental Value) FROM table WHERE date = 'Feb'	,	SELECT SUM(Rental Value) FROM table WHERE date = 'Feb'
153	,	POR Overview Rental Value Mar	,		,	por_overview_rental_value_mar	,	POR	,	0	,	table	,	SELECT SUM(Rental Value) FROM table WHERE date = 'Mar'	,	SELECT SUM(Rental Value) FROM table WHERE date = 'Mar'
154	,	POR Overview Rental Value Apr	,		,	por_overview_rental_value_apr	,	POR	,	0	,	table	,	SELECT SUM(Rental Value) FROM table WHERE date = 'Apr'	,	SELECT SUM(Rental Value) FROM table WHERE date = 'Apr'
155	,	POR Overview Rental Value May	,		,	por_overview_rental_value_may	,	POR	,	0	,	table	,	SELECT SUM(Rental Value) FROM table WHERE date = 'May'	,	SELECT SUM(Rental Value) FROM table WHERE date = 'May'
156	,	POR Overview Rental Value Jun	,		,	por_overview_rental_value_jun	,	POR	,	0	,	table	,	SELECT SUM(Rental Value) FROM table WHERE date = 'Jun'	,	SELECT SUM(Rental Value) FROM table WHERE date = 'Jun'
157	,	POR Overview Rental Value Jul	,		,	por_overview_rental_value_jul	,	POR	,	0	,	table	,	SELECT SUM(Rental Value) FROM table WHERE date = 'Jul'	,	SELECT SUM(Rental Value) FROM table WHERE date = 'Jul'
158	,	POR Overview Rental Value Aug	,		,	por_overview_rental_value_aug	,	POR	,	0	,	table	,	SELECT SUM(Rental Value) FROM table WHERE date = 'Aug'	,	SELECT SUM(Rental Value) FROM table WHERE date = 'Aug'
159	,	POR Overview Rental Value Sep	,		,	por_overview_rental_value_sep	,	POR	,	0	,	table	,	SELECT SUM(Rental Value) FROM table WHERE date = 'Sep'	,	SELECT SUM(Rental Value) FROM table WHERE date = 'Sep'
160	,	POR Overview Rental Value Oct	,		,	por_overview_rental_value_oct	,	POR	,	0	,	table	,	SELECT SUM(Rental Value) FROM table WHERE date = 'Oct'	,	SELECT SUM(Rental Value) FROM table WHERE date = 'Oct'
161	,	POR Overview Rental Value Nov	,		,	por_overview_rental_value_nov	,	POR	,	0	,	table	,	SELECT SUM(Rental Value) FROM table WHERE date = 'Nov'	,	SELECT SUM(Rental Value) FROM table WHERE date = 'Nov'
162	,	POR Overview Rental Value Dec	,		,	por_overview_rental_value_dec	,	POR	,	0	,	table	,	SELECT SUM(Rental Value) FROM table WHERE date = 'Dec'	,	SELECT SUM(Rental Value) FROM table WHERE date = 'Dec'
163	,	Web Orders Orders Jan	,		,	web_orders_orders_jan	,	POR	,	0	,	table	,	SELECT SUM(Orders) FROM table WHERE date = 'Jan'	,	SELECT SUM(Orders) FROM table WHERE date = 'Jan'
164	,	Web Orders Orders Feb	,		,	web_orders_orders_feb	,	POR	,	0	,	table	,	SELECT SUM(Orders) FROM table WHERE date = 'Feb'	,	SELECT SUM(Orders) FROM table WHERE date = 'Feb'
165	,	Web Orders Orders Mar	,		,	web_orders_orders_mar	,	POR	,	0	,	table	,	SELECT SUM(Orders) FROM table WHERE date = 'Mar'	,	SELECT SUM(Orders) FROM table WHERE date = 'Mar'
166	,	Web Orders Orders Apr	,		,	web_orders_orders_apr	,	POR	,	0	,	table	,	SELECT SUM(Orders) FROM table WHERE date = 'Apr'	,	SELECT SUM(Orders) FROM table WHERE date = 'Apr'
167	,	Web Orders Orders May	,		,	web_orders_orders_may	,	POR	,	0	,	table	,	SELECT SUM(Orders) FROM table WHERE date = 'May'	,	SELECT SUM(Orders) FROM table WHERE date = 'May'
168	,	Web Orders Orders Jun	,		,	web_orders_orders_jun	,	POR	,	0	,	table	,	SELECT SUM(Orders) FROM table WHERE date = 'Jun'	,	SELECT SUM(Orders) FROM table WHERE date = 'Jun'
169	,	Web Orders Orders Jul	,		,	web_orders_orders_jul	,	POR	,	0	,	table	,	SELECT SUM(Orders) FROM table WHERE date = 'Jul'	,	SELECT SUM(Orders) FROM table WHERE date = 'Jul'
170	,	Web Orders Orders Aug	,		,	web_orders_orders_aug	,	POR	,	0	,	table	,	SELECT SUM(Orders) FROM table WHERE date = 'Aug'	,	SELECT SUM(Orders) FROM table WHERE date = 'Aug'
171	,	Web Orders Orders Sep	,		,	web_orders_orders_sep	,	POR	,	0	,	table	,	SELECT SUM(Orders) FROM table WHERE date = 'Sep'	,	SELECT SUM(Orders) FROM table WHERE date = 'Sep'
172	,	Web Orders Orders Oct	,		,	web_orders_orders_oct	,	POR	,	0	,	table	,	SELECT SUM(Orders) FROM table WHERE date = 'Oct'	,	SELECT SUM(Orders) FROM table WHERE date = 'Oct'
173	,	Web Orders Orders Nov	,		,	web_orders_orders_nov	,	POR	,	0	,	table	,	SELECT SUM(Orders) FROM table WHERE date = 'Nov'	,	SELECT SUM(Orders) FROM table WHERE date = 'Nov'
174	,	Web Orders Orders Dec	,		,	web_orders_orders_dec	,	POR	,	0	,	table	,	SELECT SUM(Orders) FROM table WHERE date = 'Dec'	,	SELECT SUM(Orders) FROM table WHERE date = 'Dec'
